,Team,Name,Mouse,HZ,DPI,Sensitivity,eDPI,Scoped Sensitivity,Monitor,Monitor HZ,GPU,Resolution,Mousepad,Keyboard,Headset
0,FPX,ANGE1,Logitech G Pro X Superlight,1000,800,0.5,400,1,BenQ XL2546,240,RTX 2080 Ti,1920x1080,Razer Strider,Razer BlackWidow X Chroma ME,HyperX Cloud Revolver
1,FPX,Shao,Xtrfy M4 Wireless,1000,400,0.428,171,1,BenQ XL2546,240,RTX 2080 Super,1920x1080,VAXEE PA Black,HyperX Alloy FPS,HyperX Cloud II
2,FPX,ardiis,Logitech G Pro X Superlight,1000,800,0.295,236,1.14,AOC AG251FZ2E,240,RTX 2080,1920x1080,Artisan Hien FX Soft,Logitech G Pro X Mechanical Keyboard,Logitech G Pro X
3,FPX (B),rhyme,VAXEE ZYGEN NP-01,1000,400,0.5,200,1,BenQ XL2546,240,RTX 3080,1280x960,Zowie G-SR-SE Deep Blue,Xtrfy K4-RGB TKL,HyperX Cloud II
4,FPX,Zyppan,Logitech G Pro X Superlight Black,1000,400,0.48,192,1,,,GTX 1080 Ti,1920x1080,Zowie G-SR-SE Rouge,,
5,FPX,Suygetsu,Zowie EC2,1000,800,0.25,200,1.1,BenQ XL2411,144,GTX 1070,1920x1080,Artisan FX Zero Soft,Logitech G Pro X Mechanical Keyboard,Logitech G Pro X
6,Paper Rex,f0rsakeN,Logitech G Pro X Superlight,1000,800,0.712,569,1,BenQ XL2546K,240,GALAX GTX 1080 Ti,1920x1080,Zowie G-SR-SE Rouge,HyperX Alloy Origins Core,Logitech G Pro X Headset
7,Paper Rex,d4v41,Logitech G Pro X Superlight,1000,900,0.65,585,1,BenQ XL2546,240,GTX 1080 Ti,1440x990,SteelSeries QcK Heavy,HyperX Alloy FPS RGB,Razer HammerHead Pro V2
8,Paper Rex,Jinggg,FinalMouse Starlight 12,1000,1600,0.2,320,1,BenQ XL2546K,240,RTX 2080 Ti,1280x960,Artisan FX Zero Soft,HyperX Alloy Origins Core,Logitech G Pro X Headset
9,Paper Rex,Benkai,Pulsar X2,1000,800,0.25,200,0.7,BenQ XL2546K,240,RTX 2070 Super,1280x960,Artisan Hien FX Soft,Ducky One 2 Mini RGB,EPOS H6PRO White
10,Paper Rex,mindfreak,VAXEE XE White,1000,400,0.5,200,0.9,BenQ XL2546K,240,,1920x1080,VAXEE PA Summer22,Ducky One 2 TKL White,
11,OpTic,yay,Logitech G Pro X Superlight Black,1000,800,0.27,216,1,BenQ XL2546,240,RTX 3090,1920x1080,Artisan Hayate Otsu XSoft,Wooting 60 HE,Razer BlackShark V2
12,OpTic,crashies,Razer DeathAdder V3 Pro,1000,800,0.25,200,0.875,BenQ XL2546,144,GTX 1080,1920x1080,Razer Strider,Razer Blackwidow V3 TKL,Razer BlackShark V2
13,OpTic,Victor,Logitech G703,1000,800,0.283,226,1,BenQ XL2546,240,RTX 2080,1920x1080,Razer Strider,Razer Blackwidow V3 TKL,Razer BlackShark V2
14,OpTic (L),Marved,Razer Viper V2 Pro,1000,800,0.306,244,1,BenQ XL2540,240,RTX 3080,1920x1080,Razer Strider,Razer Blackwidow V3 TKL,Razer BlackShark V2
15,OpTic,FNS,Logitech G Pro X Superlight,1000,400,0.55,220,1,BenQ XL2546,240,RTX 3090,1920x1080,Artisan FX Zero Soft,Razer BlackWidow V3 Pro,Razer BlackShark V2
16,DRX,BuZz,Zowie S2,1000,400,0.57,228,0.7,BenQ XL2546K,240,,1280x960,Xraypad Aqua Control+,Razer Huntsman V2 TKL,Razer BlackShark V2 Pro
17,DRX,MaKo,Zowie EC2,1000,400,0.45,180,1,BenQ XL2546S,240,,1920x1080,Razer Gigantus V2,Razer Huntsman V2,Razer BlackShark V2 Pro
18,DRX,Zest,Zowie EC2,1000,400,0.56,224,1,BenQ XL2546K,240,,1280x960,Razer Gigantus V2,Razer Huntsman V2 TKL,Razer BlackShark V2 Pro
19,DRX,stax,Razer DeathAdder V3 Pro,1000,400,0.44,176,0.8,BenQ XL2546S,240,RTX 2080 Ti,1920x1080,SteelSeries QcK Heavy,Razer Huntsman V2 TKL,Razer BlackShark V2 Pro
20,DRX,Rb,Logitech G Pro X Superlight,1000,800,0.345,276,1,BenQ XL2546S,240,RTX 3070,1920x1080,Razer Gigantus V2,Razer Huntsman V2 TKL,Razer BlackShark V2 Pro
21,Fnatic,Alfajer,Logitech G Pro X Superlight,1000,400,0.45,180,1,Alienware AW2521H,360,RTX 2060 Super,1920x1080,SteelSeries QcK Heavy,Zowie G-SR-SE Rouge,
22,Fnatic,Enzo,Logitech G Pro X Superlight Black,1000,800,0.5,400,1,BenQ XL2546,240,RTX 2080 Super,1440x1080,VAXEE PA Black,Razer Huntsman V2,HyperX Cloud II
23,Fnatic,Derke,Logitech G Pro X Superlight Black,1000,400,0.74,296,1,BenQ XL2540,240,RTX 2070 Super,1920x1080,Logitech G640,Fnatic Streak65,Logitech G Pro X Headset
24,Fnatic,Boaster,Logitech G Pro X Superlight,1000,400,0.52,208,1,BenQ XL2546,240,RX 6900 XT,1920x1080,HyperX FURY S Pro,Fnatic MiniSTREAK,Logitech G Pro X Headset
25,Fnatic,Mistic,VAXEE ZYGEN NP-01,1000,400,0.58,232,0.875,BenQ XL2546,240,,1920x1080,Zowie G-SR,Fnatic MiniSTREAK,Fnatic REACT
26,LOUD,aspas,Logitech G403,1000,800,0.4,320,1,ASUS VG259QM,240,RX 580,1920x1080,VAXEE PA ZYGEN,Logitech G915 TKL,Logitech G Pro X Headset
27,LOUD,Less,Razer Viper Ultimate,1000,800,0.44,352,1,BenQ XL2546K,240,GTX 1050 Ti,,VAXEE PA FunSpark,HyperX Alloy FPS RGB,HyperX Cloud II
28,LOUD,pANcada,VAXEE XE Pink,1000,800,0.28,224,1,BenQ XL2546,240,GTX 1060,1440x1080,VAXEE PA FunSpark,Razer Huntsman V2 TKL,HyperX Cloud II
29,LOUD,Saadhak,Logitech G Pro X Superlight Magenta,1000,800,0.24,192,1,Alienware AW2518H,240,RTX 2080,1920x1080,Artisan Hayate Otsu,Logitech G915 TKL,HyperX Cloud II
30,LOUD,Sacy,Logitech G Pro X Superlight White,1000,800,0.48,384,1,AOC AG251FZ2E,240,RTX 2060,1920x1080,VAXEE PA Summer22,Logitech G915,Logitech G Pro X Headset
31,Guild,Leo,Razer DeathAdder V2 Pro,1000,400,0.41,164,1,,,,1280x1024,HyperX FURY S Pro,,
32,Guild (B),Russ,Logitech G Pro X Superlight,1000,800,0.38,304,1,BenQ XL2546K,240,RTX 3070 Ti,1600x900,Xraypad Aqua Control+,HyperX Alloy Origins 60,HyperX Cloud II
33,Guild,trexx,G-Wolves Hati Black,1000,800,0.226,180,1,BenQ XL2546K,240,,1920x1080,Esports Tiger LongTeng SE,Anne Pro 2,HyperX Cloud Alpha S
34,Guild,Sayf,Logitech G Pro X Superlight,1000,400,0.5,200,1.3,ASUS ROG Swift PG259QN,240,RTX 3080,1920x1080,Artisan Hien FX Soft,HyperX Alloy Origins 60,HyperX Cloud II
35,Guild,koldamenta,Logitech G Pro X Superlight,1000,800,0.3,240,1,ASUS ROG XG258Q,240,RTX 2080,1440x900,Logitech G640,Logitech G512,Logitech G Pro X Headset
36,Zeta Division,Laz,VAXEE ZYGEN NP-01,1000,800,0.355,284,0.8,BenQ XL2546,240,,1920x1080,Artisan FX Zero Soft,Logitech G915,Logitech G Pro X Wireless Headset
37,Zeta Division,crow,Logitech G Pro X Superlight,1000,800,0.45,360,1,BenQ XL2546K,240,RTX 2080 Super,1920x1080,Esports Tiger EBA,Logitech G915 TKL,Logitech G Pro X Headset
38,Zeta Division,Dep,Logitech G Pro X Superlight,1000,400,0.9,360,1,BenQ XL2546K,240,,1680x1050,Zowie G-SR-SE Rouge,Corsair K100 RGB,Logitech G Pro X Headset
39,Zeta Division (B),TENNN,Logitech G Pro X Superlight,1000,800,0.28,224,1,BenQ XL2546K,240,,1280x960,VAXEE PA ZYGEN,Logitech G512,Logitech G Pro X Headset
40,Zeta Division,SugarZ3ro,Logitech G Pro X Superlight,1000,400,0.428,171,1,BenQ XL2546K,240,,1280x960,Zowie G-SR-SE,Logitech G915 TKL,Logitech G Pro X Headset
41,Zeta Division,Xdll,Logitech G Pro X Superlight,1000,800,0.285,228,1,BenQ XL2546K,,,1920x1080,SteelSeries QcK Edge,,
42,Leviatan,Tacolilla,Logitech G Pro Wireless,1000,800,0.3,240,1,BenQ XL2546K,240,RTX 3070,1680x1050,Razer Gigantus V2,Varmilo VA87M Beijing Opera,Logitech G Pro X Headset
43,Leviatan,adverso,Logitech G Pro X Superlight White,1000,400,0.5,200,1,,,GTX 1060,1920x1080,Xraypad Aqua Control+,Varmilo VA87M Summit,HyperX Cloud II Wireless
44,Leviatan,kiNgg,Logitech G Pro X Superlight,1000,800,0.27,216,1,ASUS TUF VG258QM,240,GTX 1070,1920x1080,Lethal Gaming Gear Saturn,Varmilo VA87M Beijing Opera,HyperX Cloud II
45,Leviatan,Melser,Logitech G Pro X Superlight Magenta,1000,400,0.6,240,1,Alienware AW2521H,240,RTX 2070 Super,1920x1080,Lethal Gaming Gear Saturn,Ducky One 2 RGB,
46,Leviatan,Shyy,Logitech G Pro X Superlight,1000,800,0.32,256,1,,,GTX 1660,1280x1024,Razer Gigantus V2,Razer Huntsman V2 TKL,
47,NORTHEPTION,Meteor,Logitech G Pro X Superlight,1000,800,0.3,240,1,BenQ XL2546S,240,,1920x1080,Artisan Hayate Otsu,COX CK87,HyperX Cloud II
48,NORTHEPTION,JoxJo,VAXEE OUTSET AX,1000,800,0.285,228,1,BenQ XL2546,240,,,VAXEE PA,Corsair K70 RGB MK.2,
49,KRÜ,Klaus,Razer Viper V2 Pro,1000,800,0.5,400,1,BenQ XL2546K,240,RTX 2070,1920x1080,VAXEE PA Black,Razer Huntsman TE,Logitech G Pro X Wireless Headset
50,KRÜ,Mazino,Logitech G703,1000,1600,0.22,352,1,BenQ XL2546K,240,RTX 3080,1600x1024,Artisan Zero,Razer Huntsman TE,HyperX Cloud Flight
51,KRÜ,NagZet,Logitech G Pro X Superlight,1000,400,0.75,300,1,BenQ XL2546K,240,GTX 1060,1920x1080,VAXEE PA FunSpark,Logitech G Pro X Mechanical Keyboard,
52,KRÜ,delz1k,Logitech G Pro X Superlight,1000,400,0.72,288,1,BenQ XL2546K,240,GTX 1660,1280x960,VAXEE PA Black,HyperX Alloy FPS Pro,HyperX Cloud Flight
53,KRÜ,keznit,Logitech G703,1000,800,0.346,276,1,BenQ XL2546K,240,GTX 1660,1680x1050,Zowie G-SR,Skyloong KS61,HyperX Cloud II Wireless
54,Xerxia,sScary,Logitech G Pro X Superlight,1000,800,0.36,288,1.1,BenQ XL2546K,240,RTX 3070,1920x1080,Logitech G640,Xtrfy K4-RGB TKL,Logitech G Pro X Headset
55,Xerxia,sushiboys,Logitech G Pro X Superlight Magenta,1000,800,0.37,296,0.9,BenQ XL2546K,240,,1920x1080,Zowie G-SR,Glorious GMMK Pro,Logitech G Pro X Headset
56,Xerxia,Crws,Logitech G Pro X Superlight,1000,1600,0.15,240,1,BenQ XL2546K,240,RTX 3070,1280x960,Zowie G-SR,Custom Tofu Build (Novelkeys Cream),Logitech G Pro X Headset
57,Xerxia,Surf,FinalMouse Starlight 12,1000,800,0.375,300,1,BenQ XL2546K,240,RTX 3070,1920x1080,Artisan Hayate Otsu,HyperX Alloy FPS,Beyerdynamic MMX300
58,Xerxia,foxz,FinalMouse Ultralight 2,1000,800,0.485,388,1,BenQ XL2546K,240,,1920x1080,Logitech G640,Xtrfy K4-RGB TKL,Logitech G Pro X
59,Liquid,ScreaM,FinalMouse Classic Ergo 2,1000,400,0.765,306,1,Alienware AW2521H,360,RTX 3080,1920x1080,SteelSeries QcK Heavy,HyperX Alloy FPS,HyperX Cloud II
60,Liquid,soulcas,Razer DeathAdder V3 Pro,1000,400,0.48,192,0.88,Alienware AW2521H,360,RTX 3080,1920x1080,SteelSeries QcK Heavy,KBD67 Custom,HyperX Cloud II
61,Liquid,Nivera,Razer DeathAdder V3 Pro,500,800,0.173,138,1,Alienware AW2521H,360,RTX 3080,1280x960,SteelSeries QcK Heavy,Corsair K70 RGB MK.2,Logitech G Pro X Headset
62,Liquid,Jamppi,VAXEE OUTSET AX Yellow,1000,800,0.42,336,1.009,ASUS ROG XG258Q,240,RTX 2080 Ti,1440x1080,VAXEE PA,Razer Huntsman Mini,Logitech G Pro X Wireless Headset
63,Liquid,dimasick,Logitech G Pro X Superlight Black,1000,400,0.63,252,1,BenQ XL2546,240,RTX 2080 Super,1920x1080,SteelSeries QcK Large,HyperX Alloy Origins,HyperX Cloud Alpha
64,XSET,Cryocells,Logitech G Pro X Superlight White,1000,800,0.3,240,1.25,BenQ XL2546,240,RTX 3070,1920x1080,SWIPE SP-FROST,Gamesense Clutch,HyperX Cloud II
65,XSET,Ayrin,,1000,800,0.3,240,1,,,,1920x1080,,,
66,XSET,dephh,Razer Viper 8KHz,1000,800,0.214,171,1,BenQ XL2411T,144,,1024x768,Razer Gigantus V2,HyperX Alloy FPS,
67,XSET,Zekken,Logitech G Pro X Superlight,1000,1600,0.175,280,1,BenQ XL2546,240,RTX 3070 Ti,1920x1080,Yuki Aim Haya,Ducky One 2 Mini RGB,
68,XSET,BCJ,Glorious Model D-,1000,800,0.37,296,1,ASUS ROG Swift PG279Q,240,RTX 3070 Ti,1440x1080,Zowie G-SR-SE Rouge,Varmilo VA87M,Sennheiser G4ME ONE
69,Team Secret,dispenser,VAXEE ZYGEN NP-01,1000,450,0.44,198,0,BenQ XL2546,240,,1280x1024,Corsair MM350 Champion Series,SteelSeries Apex Pro TKL,
70,Team Secret,JessieVash,Glorious Model D Wireless,1000,800,0.4,320,0.9,BenQ XL2546K,240,RTX 2060 Super,1920x1080,Corsair MM350 Champion Series,Corsair K70 RGB TKL,
71,Team Secret,DubsteP,Logitech G Pro X Superlight,1000,800,0.385,308,1.1,BenQ XL2546K,240,,1280 x 960,Corsair MM350 Champion Series,Corsair K70 RGB TKL,Corsair HS80 Wireless
72,Team Secret,BORKUM,VAXEE ZYGEN NP-01S,1000,400,0.65,260,0.9,BenQ XL2546K,240,GTX 1060,1920x1080,Corsair MM350 Champion Series,Corsair K70 RGB TKL,Corsair HS80 Wireless
73,Team Secret,witz,VAXEE OUTSET AX,1000,800,0.41,328,,BenQ XL2546K,240,,,Corsair MM350 Champion Series,Corsair K70 RGB TKL,
74,Bleed eSports,pyth,Logitech G Pro Wireless,1000,400,0.63,252,1,AOC AG251FZ2E,240,GTX 1080 Ti,1920x1080,Logitech G640,Logitech G Pro X Mechanical Keyboard,Logitech G Pro X
75,G2,mixwell,Logitech G703,1000,400,0.69,276,1,AOC AG251FZ2E,240,RTX 3080,1920x1080,Logitech G640,Logitech G Pro X Mechanical Keyboard,Logitech G Pro X Wireless Headset
76,G2,hoody,Logitech G403 HERO,1000,400,0.628,251,1,BenQ XL2546K,240,,1920x1080,Logitech G640,,Logitech G Pro X Headset
77,G2,Meddo,Xtrfy M4 Black,1000,800,0.25,200,1,BenQ XL2546,240,RTX 2080 Super,1920x1080,,,SteelSeries Arctis Pro White
78,G2,nukkye,Logitech G Pro X Superlight,1000,1600,0.23,368,1,AOC AG251FZ2E,240,RTX 2080 Super,1920x1080,Logitech G640,Logitech G Pro X Mechanical Keyboard,Logitech G Pro X
79,G2,AvovA,Logitech G Pro X Superlight Black,1000,800,0.314,251,1,BenQ XL2546,240,RTX 3080,1920x1080,Logitech G640,Logitech G Pro X Mechanical Keyboard,Logitech G Pro X Wireless Headset
80,NIP (C),JhoW,Logitech G Pro Wireless,1000,400,0.63,252,,Alienware AW2518HF,240,GTX 1070 Ti,,GFallen Pantera,HyperX Alloy Origins,SteelSeries Arctis 5
81,NIP,v1xen,Logitech G Pro X Superlight,1000,800,0.45,360,1,Alienware AW2518HF,240,GTX 1070,1280x960,AORUS AMP 500,CoolerMaster CK550,HyperX Cloud Alpha
82,NIP,xand,Razer Viper,1000,800,0.5,400,1,BenQ XL2540,240,RTX 2070 Super,1280x960,Zowie G-SR,Zowie Celeritas II,HyperX Cloud Alpha
83,The Guard,neT,Zowie S2-C,1000,400,0.44,176,1,BenQ XL2546,240,RTX 3070,1920x1080,Logitech G640,Anne Pro 2,HyperX Cloud II
84,The Guard,Valyn,Logitech G Pro X Superlight,1000,1600,0.15,240,1,BenQ XL2546,240,RTX 2070,1920x1080,Logitech G640,Razer Huntsman TE,HyperX Cloud II
85,The Guard,JonahP,Razer Viper Ultimate,1000,400,0.5,200,1,BenQ XL2546,240,RTX 3090,1920x1080,Gamesense Radar,Ducky One 2 TKL White,Sennheiser GAME ZERO
86,The Guard,trent,Razer DeathAdder V3 Pro,1000,1600,0.125,200,1.009,BenQ XL2546,240,,1280x960,Zowie G-SR-SE,Redragon K522 TKL White,HyperX Cloud II
87,The Guard (B),psalm,Logitech G Pro Wireless,1000,800,0.34,272,1,Alienware AW2518H,240,RTX 2080 Ti,,Zowie G-SR-SE Divina Pink Edition,60% Custom Keyboard,Bose SoundSport
88,The Guard,sayaplayer,Logitech G Pro Gaming Mouse,1000,1000,0.339,339,1,ASUS ROG Swift PG258Q,240,RTX 2080,1920x1080,Esports Tiger LongTeng SE,Leopold FC750R,HyperX Cloud II Wireless
89,Edward Gaming,ZmjjKK,VAXEE ZYGEN NP-01S Pink,1000,800,0.28,,,BenQ XL2546K,240,,1920x1080,Artisan Hien FX Soft,,
90,Keyd,heat,Logitech G Pro Wireless,1000,800,0.4,320,1,Alienware AW2521HF,240,GTX 1660 Ti,1728x1080,SteelSeries QcK Heavy,Logitech G Pro Mechanical Keyboard,HyperX Cloud Alpha
91,Keyd,murizzzzz,Logitech G Pro X Superlight,1000,800,0.466,372,0.96,Alienware AW2518HF,240,RTX 2070 Super,1280x960,HyperX FURY S Pro,Anne Pro 2,Logitech G Pro X Wireless Headset
92,Keyd (L),mwzera,Logitech G Pro Wireless,1000,800,0.32,256,1,BenQ XL2546K,240,RTX 3060,1920x1080,SteelSeries QcK Heavy,HyperX Alloy FPS Pro,GFallen Morcego
93,FaZe (B),POACH,Logitech G Pro X Superlight Black,1000,800,0.28,224,1,Alienware AW2518H,240,RTX 3080,1440x1080,Logitech G640,Razer Huntsman Mini,Beyerdynamic DT 990 Pro
94,FaZe,babybay,Logitech G Pro X Superlight,1000,800,0.244,195,1,BenQ XL2546,240,RTX 2080,1920x1080,SteelSeries QcK Heavy,Logitech G Pro X Mechanical Keyboard,HyperX Cloud Alpha
95,FaZe,Dicey,VAXEE OUTSET AX,1000,800,0.18,144,1,BenQ XL2546K,240,GTX 1080 Ti,1920x1080,Artisan Zero,Ducky One 2 Mini RGB,Sennheiser G4ME ONE
96,DWG KIA,t3xture,Logitech G Pro X Superlight,1000,800,0.55,440,1,LG 27GN750,240,RTX 2080 Ti,1920x1080,SteelSeries QcK Heavy,Logitech G Pro Mechanical Keyboard,Logitech G Pro X Headset
97,DWG KIA,exy,Logitech G Pro X Superlight,1000,400,0.503,201,1,BenQ XL2546K,240,,1920x1080,SteelSeries QcK Heavy,Logitech G Pro X Mechanical Keyboard,Logitech G533
98,DWG KIA,Esperanza,Logitech G Pro X Superlight,1000,800,0.32,256,1,BenQ XL2546,240,RTX 2080 Ti,1440x1080,SteelSeries QcK Heavy,HyperX Alloy FPS,HyperX Cloud II
99,DWG KIA (L),Lakia,Zowie EC3-C,1000,800,0.333,266,1,BenQ XL2546,240,RTX 2080 Super,1920x1080,SteelSeries QcK Heavy,Razer Huntsman TE,HyperX Cloud Alpha
100,Full Sense,Johnolsen,FinalMouse Ultralight 2,1000,400,0.565,226,1,Alienware AW2521H,240,RTX 3070,1920x1080,SteelSeries QcK Heavy,SteelSeries Apex Pro,HyperX Cloud II
101,Full Sense,Lammysnax,SteelSeries Prime,1000,800,0.31,248,1,BenQ XL2546,240,RTX 3070,1920x1080,SteelSeries QcK Heavy,Logitech G913 TKL,HyperX Cloud II
102,Full Sense,SuperBuss,Logitech G Pro X Superlight,1000,800,0.38,304,1,BenQ XL2546,240,RTX 3070,1920x1080,Artisan FX Zero Soft,Ducky One 2 SF,Sennheiser GAME ZERO
103,Full Sense,Chalalala,Zowie FK1,1000,400,0.6,240,1,BenQ XL2546,240,RTX 3070,1920x1080,Artisan FX Zero Soft,Razer BlackWidow Chroma V2,HyperX Cloud Alpha
104,Full Sense,PTC,Logitech G Pro X Superlight,1000,800,0.38,304,1,BenQ XL2546,240,RTX 3070,1920x1080,Logitech G640,HyperX Alloy FPS,Logitech G Pro X Headset
105,NRG Esports,hazed,Logitech G Pro X Superlight Black,1000,800,0.35,280,1,ASUS ROG Swift PG259QN,360,GTX 1080,1920x1080,Logitech G640,Logitech G Pro X Mechanical Keyboard,Logitech G Pro X
106,NRG Esports,eeiu,,,,,,,BenQ XL2546,240,,,Artisan Hayate Otsu,,
107,NRG Esports,s0m,Logitech G Pro X Superlight White,1000,400,0.8,320,1.1,BenQ XL2546,240,RTX 3080,1920x1080,SteelSeries QcK Large,Razer Huntsman TE,HyperX Cloud II
108,NRG Esports (B),ANDROID,Zowie FK2,1000,800,0.35,280,1,BenQ XL2546,240,RTX 2080,1920x1080,Razer Gigantus,Logitech G915,HyperX Cloud II
109,NRG Esports,Ethan,Xtrfy M4 Wireless,1000,400,0.73,292,0.914,BenQ XL2540,240,RTX 2080 Ti,1920x1080,Razer Gigantus,Razer BlackWidow Lite,HyperX Cloud II
110,NRG Esports,tex,Logitech G Pro X Superlight Black,1000,800,0.38,304,,ASUS VG248QE,144,,1920x1080,SteelSeries QcK Heavy,HyperX Alloy FPS,HyperX Cloud II
111,Acend,starxo,Logitech G Pro X Superlight,1000,800,0.485,388,1,ASUS ROG Strix XG248Q,240,RTX 2070 Super,1280x1024,Xtrfy GP4,Logitech G Pro Mechanical Keyboard,HyperX Cloud II
112,Acend,L1NK,Zowie EC2-B Divina Edition,1000,800,0.3,196,1,BenQ XL2546,240,RTX 3080,1280x960,VAXEE PB,Ducky One 2 TKL White,HyperX Cloud II
113,Acend (B),Zeek,Logitech G Pro X Superlight,1000,800,0.45,360,1,BenQ XL2540,240,RTX 2060,1280x960,Artisan Zero,Logitech G Pro X Mechanical Keyboard,Logitech G Pro X
114,Acend,cNed,Zowie ZA12,1000,800,0.32,256,1,BenQ XL2546K,240,RTX 3080,1920x1080,SteelSeries QcK Heavy,Xtrfy K4-RGB TKL,HyperX Cloud II
115,Acend,MONSTEERR,Logitech G Pro Wireless,1000,800,0.4,320,1,AOC G2460PF,144,,1920x1080,Logitech G640,Logitech G Pro Mechanical Keyboard,Logitech G Pro X Headset
116,Cloud9 Blue (C),Autumn,Logitech G Pro X Superlight Black,1000,800,0.32,256,1,Alienware AW2521HF,240,RTX 3080,1920x1080,Logitech G640,Logitech G Pro X Mechanical Keyboard,Logitech G Pro X Headset
117,Cloud9 Blue,Xeppaa,Zowie EC2-C,1000,800,0.35,280,1,BenQ XL2546K,240,RTX 3080,1280x960,SteelSeries QcK Heavy,HyperX Alloy Origins Core,HyperX Cloud II
118,Cloud9 Blue,mitch,Zowie EC2-B Divina Edition,1000,800,0.28,224,1,BenQ XL2540,240,RTX 2080 Super,1920x1080,HyperX FURY S Pro,Ducky One 2 Mini RGB,HyperX Cloud Alpha
119,Cloud9 Blue,curry,Logitech G Pro X Superlight,1000,800,0.375,300,1,BenQ XL2540,240,RTX 2080 Super,1280x960,Artisan FX Zero XSoft,Ducky One 2 TKL RGB,Logitech G Pro X Wireless Headset
120,Cloud9 Blue,vanity,Logitech G Pro X Superlight Black,1000,1600,0.141,225,1.1,BenQ XL2546,240,RTX 2070,1920x1080,Logitech G640,HyperX Alloy FPS,HyperX Cloud II
121,Cloud9 Blue,leaf,Logitech G Pro X Superlight White,1000,800,0.23,183,1,BenQ XL2546,240,RTX 3080,1280x960,Logitech G640,HyperX Alloy Origins Core,Sennheiser GAME ZERO
122,100T (M),Nadeshot,Logitech G Pro X Superlight Black,1000,800,0.2,160,1,BenQ XL2540,240,,1920x1080,SteelSeries QcK+,HiGround Sandstone,JBL Quantum ONE
123,100T (C),seangares,HyperX Pulsefire Haste,1000,800,0.315,252,1,BenQ XL2546,240,RTX 2080 Ti,1920x1080,HyperX FURY S Pro,HyperX Alloy FPS,HyperX Cloud Alpha
124,100T,derrek,Logitech G Pro X Superlight,1000,800,0.375,300,1,Acer XF250Q,240,GTX 1080 Ti,1920x1080,Zowie G-SR-SE Rouge,SteelSeries Apex 7 Ghost Edition,HyperX Cloud II
125,100T,Will,Logitech G Pro X Superlight,1000,800,0.4,320,1,BenQ XL2546K,240,RTX 3080,1920x1080,Artisan Zero,Ducky One 2 TKL White,EPOS H6PRO White
126,100T,Asuna,Razer DeathAdder V2,1000,1400,0.272,380,0.9,BenQ XL2546K,240,RTX 3090,1920x1080,Artisan FX Zero Soft,Corsair K-70 RGB,HyperX Cloud II
127,100T,stellar,Logitech G Pro Wireless,1000,800,0.32,256,1,BenQ XL2546,240,RTX 3070,1600x900,Zowie G-SR,Ducky One 3 TKL Matcha,HyperX Cloud II
128,100T (L),bang,Logitech G Pro X Superlight,1000,800,0.32,256,1,ASUS VG248QE,144,,1920x1080,Logitech G640,Logitech G Pro Mechanical Keyboard,Logitech G Pro X
129,On Sla2ers,TS,Logitech G703,1000,400,0.583,233,1,ASUS ROG XG258Q,240,,1920x1080,PULSAR ParaBreak XL,Logitech G913 TKL,Logitech G Pro X Headset
130,On Sla2ers,GodDead,Logitech G Pro X Superlight,1000,400,0.691,276,1,BenQ XL2546S,240,RTX 2080 Ti,1920x1080,SteelSeries QcK+,Varmilo VA87M Sakura Pink,HyperX Cloud Revolver S
131,On Sla2ers,Bazzi,Zowie EC2-B,1000,1600,0.17,272,0.75,Alienware AW2518H,240,RTX 2080,1920x1080,Logitech G640,Logitech G Pro X Mechanical Keyboard,
132,On Sla2ers (C),Peri,Glorious Model D,1000,400,0.525,210,0.8,BenQ XL2540,240,RTX 2080 Super,1920x1080,Razer Goliathus Control,Deck Francium Lite,
133,M3C,Redgar,Logitech G Pro X Superlight,1000,800,0.7,560,1,BenQ XL2546K,240,RTX 3080,1920x1080,Zowie G-SR-SE Deep Blue,Logitech G Pro X Mechanical Keyboard,Logitech G Pro X Headset
134,M3C,Chronicle,Logitech G Pro X Superlight,1000,400,1.25,500,0.777,ASUS TUF VG279QM,240,,1920x1080,Zowie G-SR-SE,Anne Pro 2,Logitech G Pro X Wireless Headset
135,M3C,Sheydos,Logitech G Pro X Superlight White,1000,400,0.81,324,1.1,BenQ XL2546K,240,RTX 2080 Super,1280*960,VAXEE PA,Logitech G Pro X Mechanical Keyboard,Logitech G Pro X Headset
136,Sentinels,TenZ,FinalMouse Starlight Pro(Small & Medium),1000,1600,0.22,352,1,BenQ XL2546,360,RTX 3090,1920x1080,XTEN Control,Xtrfy K4 TKL,Xtrfy H2
137,Sentinels,ShahZaM,Logitech G703,1000,400,0.53,212,1,BenQ XL2546,240,RTX 3090,1920x1080,Artisan Zero,KBD8X MKII Custom,HyperX Cloud II
138,Sentinels (B),SicK,Logitech G900,1000,800,0.235,188,1,BenQ XL2546,240,RTX 3080,1920x1080,Logitech G640,HyperX Alloy FPS Pro,HyperX Cloud II
139,Sentinels (B),zombs,Logitech G Pro X Superlight,1000,400,0.54,216,1,BenQ XL2540,240,RTX 3080,1280x960,Logitech G640,Ducky One 2 Mini RGB,Sennheiser G4ME ONE
140,Sentinels,dapr,Logitech G Pro X Superlight Black,1000,400,0.66,264,1,BenQ XL2546,240,RTX 3080,1920x1080,Zowie G-SR-SE,Corsair K70 TKL,HyperX Cloud II
141,Sentinels (B),Kanpeki,Razer Viper V2 Pro,1000,800,0.32,256,1,BenQ XL2546 Divina Pink Edition,240,GTX 1080 Ti,1920x1080,Artisan FX Zero Soft,Custom Keyboard,HyperX Cloud II
142,Sentinels (S),Tarik,FinalMouse Starlight Pro,500,800,0.471,376,1,LG Ultragear 27GN950-B,144,RTX 3080 Ti,1680x1050,Artisan Zero,Logitech G Pro Mechanical Keyboard,Beyerdynamic DT 990 Pro
143,Gen.G (B),jcStani,Zowie ZA11,1000,800,0.4,320,1,,240,,1440x1080,Logitech G640,Leopold FC750R,Audio Technica M50x + modmic
144,Gen.G (B),NaturE,Logitech G Pro Wireless,1000,800,0.508,406,0.68,,,,1920x1080,HyperX FURY S Pro,Logitech G815,HyperX Cloud II
145,TSM,Seven,Logitech G Pro X Superlight,1000,1600,0.25,400,1,BenQ XL2546K,240,,1920x1080,Artisan Hien FX Soft,,
146,TSM,Subroza,Logitech G Pro X Superlight,1000,800,0.277,221,1,BenQ XL2540,240,RTX 3090,1920x1080,Logitech G640,Logitech G Pro X Mechanical Keyboard,Logitech G Pro X
147,TSM,gMd,Logitech G Pro Wireless,1000,400,0.8,320,1,,0,,1920x1080,SteelSeries QcK Heavy,Logitech G Pro X Mechanical Keyboard,HyperX Cloud Flight
148,TSM,Rossy,Logitech G Pro X Superlight,1000,1600,0.225,360,1,ASUS TUF VG279QM,240,RTX 3070,1280x1024,Logitech G640,Logitech G915 TKL,Logitech G Pro X Wireless Headset
149,TSM,Corey,Logitech G Pro X Superlight,1000,800,0.321,256,1,"OMEN by HP 24.5""",240,RTX 2080 Ti,1920x1080,Logitech G640,Corsair K-70 RGB,Logitech G Pro X
150,Version 1,Zander,FinalMouse Starlight Pro,1000,800,0.275,220,0.95,BenQ XL2546,240,RTX 2070 Super,1920x1080,Zowie G-SR-SE Rouge,Xtrfy K4 TKL,HyperX Cloud II Wireless
151,Version 1,effys,Logitech G Pro X Superlight,1000,400,0.45,180,1,BenQ XL2546K,240,GTX 1080 Ti,1920x1080,Logitech G640,Razer Huntsman Mini,HyperX Cloud II Wireless
152,Version 1,zellsis,Logitech G Pro X Superlight,1000,800,0.215,172,0.82,BenQ XL2546,240,GTX 1080,1920x1080,Zowie G-SR-SE Rouge,Gamesense Clutch,Sennheiser GAME ZERO
153,Version 1,wippie,Logitech G Pro X Superlight Magenta,1000,800,1.572,1257,0.948,BenQ XL2546K,240,RTX 2070 Super,1024x768,Artisan FX Zero XSoft,HyperX Alloy Origins,Logitech G Pro X Wireless Headset
154,Version 1,penny,Logitech G Pro X Superlight White,1000,800,0.408,326,,,,,,HyperX FURY,HyperX Alloy Elite,HyperX Cloud Earbuds
155,Heretics,lowel,Razer DeathAdder V3 Pro,1000,400,0.566,226,1,BenQ XL2546,240,RTX 2080 Ti,1920x1080,Zowie G-SR DG,Razer Huntsman V2 TKL,Logitech G Pro X Wireless Headset
156,Heretics,keloqz,Logitech G Pro X Superlight,1000,400,0.44,176,1,BenQ XL2546K,240,GTX 1060,1920x1080,Logitech G640,,Logitech G Pro X Wireless Headset
157,T1,Thwifo,Logitech G Pro Wireless,1000,800,0.3,240,0.9,Alienware AW2521HF,240,RTX 2070,1600x900,SteelSeries QcK+,SteelSeries Apex Pro TKL,Sennheiser G4ME ONE
158,T1,Munchkin,Logitech G Pro Wireless,1000,800,0.2,160,1,,,,1440x1080,VAXEE PA Winter 21,Leopold FC750R,
159,T1,steel,Razer DeathAdder V3 Pro,1000,800,0.45,360,1,BenQ XL2546,240,RTX 3080,1920x1080,Razer Gigantus V2,Razer Huntsman V2 TKL,Razer BlackShark V2 Pro
160,T1,xeta,Logitech G Pro X Superlight Black,1000,400,0.58,232,0.85,BenQ XL2546,240,,1920x1080,HyperX FURY S Pro,HyperX Alloy FPS Pro,Sennheiser GAME ZERO
161,BIG,luckerrr,Razer Viper 8KHz,1000,400,0.913,365,1,BenQ XL2546,240,RTX 2080,1920x1080,Razer Gigantus V2,Razer Huntsman V2 TKL,Razer BlackShark V2 Pro
162,BIG,AslaN,Logitech G Pro X Superlight Black,1000,400,0.6,240,1,BenQ XL2546K,240,RTX 2070 Super,1920x1080,Corsair MM250,Corsair K65,Corsair HS80
163,Giants,russ,VAXEE OUTSET AX Glossy,1000,800,0.5,400,1,ASUS VG259QM,240,,1920x1080,SteelSeries QcK Heavy,,Logitech G Pro X Headset
164,Giants,Kiles,Logitech G Pro X Superlight Black,1000,800,0.431,344,1,BenQ XL2540,240,RTX 2080,1280x960,VAXEE PA ZYGEN,Logitech G Pro X Mechanical Keyboard,Logitech G Pro X Headset
165,Giants,Fitinho,Xtrfy M4 Black,1000,400,0.63,252,1,BenQ XL2546,240,,1920x1080,Corsair MM350 Champion Series,Xtrfy K2-RGB,HyperX Cloud II
166,Giants,ShadoW,FinalMouse Ultralight 2,500,400,0.408,163,1,BenQ XL2546,240,RTX 2080 Super,1920x1080,SteelSeries QcK+,Logitech G Pro X Mechanical Keyboard,Logitech G Pro X
167,Ghost,aproto,Razer DeathAdder V3 Pro,1000,800,0.31,248,1,BenQ XL2546K,240,,1920x1080,Razer Gigantus V2,Razer Blackwidow V3 TKL,HyperX Cloud II
168,MOUZ,KRYPTIX,Pulsar Xlite V2 Wireless,1000,400,0.471,188,0.8,BenQ XL2540,240,RTX 3080,1920x1080,Razer Gigantus V2,Razer Huntsman TE,Razer BlackShark V2
169,MOUZ,RECIDENT,FinalMouse Starlight 12,,,,,,BenQ XL2546K,240,,,Razer Gigantus,Razer Huntsman TE,Razer BlackShark V2
170,MOUZ,memset,Logitech G Pro X Superlight,1000,400,0.37,148,,BenQ XL2546K,240,,1920x1080,Razer Gigantus V2,Razer Huntsman TE,Razer BlackShark V2
171,MOUZ,Luzuh,Logitech G Pro X Superlight,1000,400,0.541,216,1,BenQ XL2540,240,,1280x960,Razer Gigantus V2,Razer Huntsman TE,Razer BlackShark V2
172,MOUZ,al0rante,Razer Viper V2 Pro,1000,400,0.35,140,1,BenQ XL2546,240,,1920x1080,Razer Gigantus V2,Razer Huntsman TE,HyperX Cloud II
173,Shopify Rebellion,moose,Pwnage Ultra Custom,1000,400,0.628,251,1,BenQ XL2546,240,GTX 1080,1920x1080,Logitech G640,CM MasterKeys Pro S,HyperX Cloud II
174,Knights,Genghsta,Razer Viper Ultimate,1000,1600,0.115,184,1,BenQ XL2546,240,GTX 1080,1920x1080,Zowie G-SR,HyperX Alloy FPS Pro,HyperX Cloud II
175,SMB,glovee,Xtrfy M42,1000,400,0.525,210,1,BenQ XL2546,240,RTX 3060,1024x768,SteelSeries QcK Heavy,HyperX Alloy FPS,HyperX Cloud II
176,SMB,Brave,Logitech G Pro Wireless,1000,400,0.85,340,1,BenQ XL2546K,240,,1920x1080,Logitech G640,HyperX Alloy FPS,Logitech G Pro X Headset
177,SMB,Izzy,Logitech G Pro X Superlight,1000,400,0.56,224,0.852,BenQ XL2546,240,,1920x1080,,Corsair K70 LUX,HyperX Cloud II
178,NYFU (B),vice,Logitech G Pro Wireless,1000,800,0.245,196,1,BenQ XL2546,240,GTX 1080 Ti,1280x960,HyperX FURY S Speed Edition,Logitech G915 TKL,HyperX Cloud Revolver S
179,NYFU,YaBoiDre,Logitech G Pro Wireless,1000,800,0.314,251,1,Alienware AW2518H,240,GTX 1080 Ti,1920x1080,HyperX FURY S Speed Edition,Logitech G Pro Mechanical Keyboard,Bose QC20
180,EG,C0M,Logitech G Pro Wireless,1000,800,0.25,200,1,BenQ XL2546,240,GTX 1060,1680x1050,Logitech G640,Logitech G610,HyperX Cloud II
181,Prodigy,JEROME,Logitech MX518 Legendary,1000,800,0.471,376,1,BenQ XL2546,240,,1280x960,SteelSeries QcK+,HyperX Alloy FPS,HyperX Cloud Earbuds
182,Sector One,iDex,Razer DeathAdder V3 Pro,1000,800,0.244,195,1,BenQ XL2546,240,,1920x1080,Zowie G-SR-SE,Ducky MIYA Pro Sakura,HyperX Cloud Alpha
183,INTERPOL,deM0,Logitech G Pro Wireless,1000,400,0.624,249,0.624,BenQ XL2411,144,GTX 1060,1920x1080,HyperX FURY S Pro,HyperX Alloy FPS,HyperX Cloud Alpha PE
184,INTERPOL,cry0,Zowie EC1,1000,400,0.471,188,1,BenQ XL2540,240,RTX 2070 Super,1920x1080,Zowie G-SR,Logitech G513,Sennheiser GSP 500
185,Alliance,SEIDER,Razer Viper V2 Pro,1000,1600,0.15,240,1,,,,1280x960,Razer Gigantus V2,Razer Huntsman V2 TKL,Logitech G Pro X Wireless Headset
186,FURIA,qck,Razer Viper Ultimate,1000,400,0.74,296,1,BenQ XL2546,240,RTX 2070 Super,1920x1080,Esports Tiger Neon,HyperX Alloy Origins 60,HyperX Cloud II
187,FURIA,nzr,Logitech G Pro X Superlight Black,1000,800,0.45,360,1,AOC G2460PF,144,,1920x1080,VAXEE PA Winter 21,HyperX Alloy FPS,HyperX Cloud II
188,FURIA,Khalil,Logitech G Pro X Superlight,1000,800,0.5,400,1,BenQ XL2546,240,RTX 2070 Super,1920x1080,Razer Gigantus V2,HyperX Alloy FPS Pro,HyperX Cloud II
189,FURIA,mazin,Xtrfy M4 Wireless,1000,800,0.35,280,1,AOC AGON AG241QG,240,GTX 1060,1920x1080,VAXEE PA Winter 21,HyperX Alloy Origins,HyperX Cloud II
190,FURIA,dgzin,FinalMouse Starlight 12,1000,400,0.3,120,1,BenQ XL2546K,240,RTX 2070 Super,1280x1080,Artisan Zero,HyperX Alloy Origins Core,
191,BBL,AsLanMashadoVV,Xtrfy M42,1000,400,0.6,240,0.9,BenQ XL2546,240,RTX 2070,1280x960,SteelSeries QcK Large Cyberpunk Edition,Razer BlackWidow X Chroma ME,HyperX Cloud II
192,BBL,Turko,Logitech G Pro X Superlight,1000,400,0.6,240,1,,,,1920x1080,HyperX FURY S Pro,HyperX Alloy FPS,HyperX Cloud II
193,BBL,aimdll,Zowie S2 Divina Edition,1000,400,0.531,212,1,ASUS VG259QM,240,RTX 2060 Super,1280x960,Zowie G-SR,Razer BlackWidow Elite,HyperX Cloud II
194,Rebels Gaming,JannyXD,Razer Viper V2 Pro,1000,400,0.52,208,1,BenQ XL2546K,240,RTX 3060,1280x768,Razer Gigantus V2,Razer BlackWidow V3 TKL,Razer BlackShark V2 Pro
195,Rebels Gaming,GatsH,Razer Viper Ultimate,1000,400,0.4,160,1,BenQ XL2546K,240,RTX 3060,1280x768,Razer Gigantus V2,Razer BlackWidow V3 TKL,Razer BlackShark V2
196,Rebels Gaming,vo0kashu,Razer Viper V2 Pro,1000,800,0.211,168,1,BenQ XL2546K,240,RTX 3060,1280x960,Razer Gigantus V2,Razer Huntsman Mini,
197,ORDER,Texta,Logitech G Pro Wired,1000,400,0.7,280,1,Alienware AW2521HF,240,RTX 3080,1920x1080,Logitech G640,Logitech G Pro X Mechanical Keyboard,Logitech G Pro X Headset
198,ORDER,Disk0,Logitech G Pro X Superlight Black,1000,400,0.525,210,1,Alienware AW2720HF,240,RTX 3080,1920x1080,Logitech G640,Logitech G Pro X Mechanical Keyboard,Logitech G Pro X Headset
199,Vitality,BONECOLD,Razer DeathAdder V3 Pro,1000,800,0.27,216,1,BenQ XL2540,240,RTX 3060,1280x960,VAXEE PA,Logitech G Pro X Mechanical Keyboard,Sennheiser GAME ZERO
200,DetonatioN Gaming,Suggest,Logitech G Pro X Superlight Magenta,1000,400,0.7,280,1,Alienware AW2518H,240,RTX 2080 Ti,1280x960,Xten Mousepad (Custom),Logitech G913,Logitech G Pro X Headset
201,Pioneers,thief,Zowie EC2-A,1000,800,0.3,240,1,BenQ XL2540,240,GTX 1080,1920x1080,Zowie G-SR,Corsair STRAFE,HyperX Cloud II
202,REJECT,Reita,Logitech G Pro Wireless,1000,800,0.44,352,0.9,BenQ XL2546,240,,1920x1080,Zowie G-SR-SE,Logitech G Pro X Mechanical Keyboard,Logitech G Pro X
203,REJECT,takej,Logitech G Pro Wireless,1000,400,0.434,173,0.82,BenQ XL2546S,240,,1280x960,Logitech G640,Logitech G913,Logitech G Pro X
204,REJECT,Zepher,Logitech G403,1000,400,0.55,220,1,BenQ XL2540,240,,1920x1080,SteelSeries QcK Heavy,HyperX Alloy Origins Core,HyperX Cloud II
205,Excel,Patitek,Logitech G Pro X Superlight Black,1000,400,0.82,328,1,AOC AG251FZ2E,240,RTX 2080 Ti,1920x1080,Logitech G640,Logitech G Pro X Mechanical Keyboard,Logitech G Pro X
206,Excel,chiwawa,Zowie S2 Divina Edition,1000,400,0.89,356,1,BenQ XL2546,240,GTX 1660 Super,1920x1080,Zowie G-SR,Zet Blade Pro,HyperX Cloud II
207,Team RA'AD,phaze,Logitech G Pro X Superlight,1000,400,0.7,280,1.1,BenQ XL2546K,240,,1280x960,Zowie G-SR-SE,Razer Huntsman V2 TKL,HyperX Cloud Alpha
208,MIBR,frz,Logitech G Pro Wireless,1000,800,0.3,240,1,Alienware AW2518HF,240,RTX 2070 Super,1920x1080,VAXEE PA ZYGEN,Logitech G Pro X Mechanical Keyboard,Logitech G Pro X
209,FAV Gaming,Fisker,Logitech G Pro X Superlight Black,1000,400,0.44,176,1,Alienware AW2521H,240,,1920x1080,Zowie G-SR,SteelSeries Apex Pro,JBL Quantum ONE
210,Stars Horizon,DiMAS,Xtrfy M4 Black,1000,800,0.45,360,1,BenQ XL2411,144,GTX 1660,1920x1080,Logitech G640,,
211,ENTER FORCE 36,iNTRO,Logitech G Pro X Superlight,1000,400,0.377,150,1,BenQ XL2546K,240,RTX 2080,1920x1080,Zowie G-SR,Corsair K65,Sennheiser GSP 600
212,ENTER FORCE 36,10X,Logitech G Pro Wireless,1000,1600,0.7,1120,1.2,BenQ XL2546,240,RTX 2080 Ti,1920x1080,Artisan Hayate Otsu,Logitech G913 TKL,Logitech G Pro X
213,Zero Marksmen Black,Bjor,Logitech G Pro Wireless,1000,400,0.58,232,1,Alienware AW2518H,240,,1920x1080,Zowie G-SR-SE,,Massdrop x Sennheiser 6XX
214,Resonate,insky,FinalMouse Ultralight 2,1000,400,0.585,234,1,BenQ XL2546,240,GTX 1080,1366x768,SteelSeries QcK+,SteelSeries Apex Pro TKL,SteelSeries Arctis Pro Wireless
215,Unicorns of Love,nico,Logitech G Pro Wireless,1000,400,0.404,161,1,Alienware AW2518H,240,RTX 2080 Super,1280x1024,Glorious 3XL,Logitech G Pro X Mechanical Keyboard,Logitech G Pro X Wireless Headset
216,MAD Lions,Doma,Razer DeathAdder V3 Pro,1000,800,0.35,280,0.75,BenQ XL2546,240,RTX 2080 Super,1920x1080,Razer Gigantus V2,Razer BlackWidow,Fnatic REACT
217,NaVi,zeddy,Zowie FK2,1000,800,0.3,240,1,BenQ XL2430T,144,GTX 1060,1920x1080,Zowie G-SR,HyperX Alloy FPS Pro,HyperX Cloud I
218,NaVi,7ssk7,Logitech G Pro X Superlight White,1000,800,0.24,192,1,BenQ XL2546,240,RTX 2080 Ti,1600x900,Logitech G640,Logitech G Pro X Mechanical Keyboard,Logitech G Pro X Headset
219,NaVi,dinkzj,Zowie S2 Divina Edition,1000,800,0.41,328,0.8,BenQ XL2540,240,RTX 2070 Super,1920x1080,Zowie G-SR,Razer BlackWidow Chroma TE V2,
220,Maru Gaming,Jeong Hi,Logitech G Pro X Superlight,1000,800,0.395,316,1,,,,,SteelSeries QcK Heavy,Corsair K65,Sennheiser GSP 600
221,Kalafar Esports,Unity,Zowie EC2-B,1000,800,0.291,232,1,BenQ XL2546K,240,GTX 1060,1920x1080,Zowie G-SR-SE,HyperX Alloy FPS,HyperX Cloud II
222,World Game Star,iRdy,Zowie EC2,1000,400,0.48,192,1,,,,1920x1080,,Logitech G Pro X Mechanical Keyboard,Astro A50
223,World Game Star,HANN,Logitech G Pro X Superlight Magenta,1000,400,0.63,252,1,,,,1920x1080,VAXEE PA,Logitech G Pro X Mechanical Keyboard,Astro A50
224,World Game Star,Sylvan,Logitech G Pro X Superlight,1000,800,0.285,228,1,,,,1920x1080,Logitech G840,Logitech G Pro X Mechanical Keyboard,Astro A50
225,World Game Star,Luke,Logitech G Pro X Superlight,1000,400,0.5,200,1,,,,1920x1080,SteelSeries QcK+,Logitech G Pro X Mechanical Keyboard,Astro A50
226,World Game Star,GODLIKE,Logitech G Pro X Superlight,1000,400,0.69,276,1,,,,1920x1080,Logitech G640,Logitech G Pro X Mechanical Keyboard,Astro A50
227,World Game Star,Clark,Logitech G Pro X Superlight,1000,800,0.275,220,1,,,,1920x1080,Logitech G640,Logitech G Pro X Mechanical Keyboard,Astro A50
228,Liquid (S),EliGE,Logitech G Pro Wireless,1000,1600,0.233,372,0.8,Alienware AW2518H,240,GTX 1080 Ti,1680x1050,Zowie G-SR,Massdrop ALT High Profile,Sennheiser PC37X
229,Liquid (S),Mendo,Logitech G Pro X Superlight,500,450,0.55,247,1,Alienware AW2521H,360,RTX 3080,1440x1080,Artisan Zero,Tofu 60% Zealios 67g Switches,beyerdynamic DT 1990 Pro
230,Liquid (S),frttt,Zowie EC2,1000,1600,0.775,1240,1,BenQ XL2546K,240,RTX 3080 Ti,1920x1080,HyperX FURY S Pro,HyperX Alloy FPS,HyperX Cloud II
231,T1 (S),Brax,Razer DeathAdder V3 Pro,1000,400,0.55,220,1,BenQ XL2546S,240,RTX 2080 Ti,1920x1080,SteelSeries QcK Heavy,Logitech G Pro X Mechanical Keyboard,Sennheiser HD 600
232,T1 (S),Selly55,Logitech G Pro Wireless,1000,400,0.88,352,1,BenQ XL2546,240,RTX 2080,1920x1080,SteelSeries QcK Heavy,Ducky One 2 Mini RGB White,Logitech G Pro X
233,NRG Esports (S),aceu,FinalMouse Starlight Pro,1000,800,0.51,408,1,BenQ XL2546,240,RTX 3090 Ti,1920x1080,Zowie G-SR-SE,Ducky One TKL White,Apple EarPods
234,NRG Esports (S),Ethos,Logitech G Pro X Superlight White,1000,400,0.69,276,0.69,BenQ XL2546,240,RTX 3090,1920x1080,VAXEE PA,Custom Keyboard,HyperX Cloud II
235,NaVi (S),s1mple,Logitech G Pro X Superlight White,1000,400,0.974,389,0.974,BenQ XL2540,240,GTX 1080,1920x1080,HATOR INTBS,Logitech G Pro X Mechanical Keyboard,Logitech G Pro X
236,Sentinels (S),Sinatraa,Logitech G Pro X Superlight Black,1000,800,0.387,309,1,"OMEN by HP 24.5""",240,RTX 3090,1920x1080,Logitech G640,Logitech G Pro X Mechanical Keyboard,JBL Quantum ONE
237,EG (S),Stewie2k,Logitech G Pro X Superlight White,1000,450,0.65,292,1.2,Alienware AW2521H,360,RTX 2080 Ti,1920x1080,SteelSeries QcK Heavy,Logitech G512,HyperX Cloud II
238,FaZe (S),Shanks,Zowie FK1,1000,400,0.6,240,1,BenQ XL2546,240,RTX 2060 Super,1920x1080,Zowie G-SR,Logitech G Pro X Mechanical Keyboard,HyperX Cloud II
239,FA,BabyJ,Zowie EC2-A,1000,400,0.45,180,1,BenQ XL2546,240,RTX 3070,1920x1080,,,HyperX Cloud II
240,FA,Skadoodle,Logitech G Pro X Superlight Black,500,400,0.6,240,1,BenQ XL2546,240,RTX 2080,1920x1080,Zowie G-SR,Logitech G Pro X Mechanical Keyboard,Logitech G Pro X
241,FA,seb,Xtrfy M4 Blue,1000,400,0.383,153,0.9,BenQ XL2540K,240,RTX 2080 Super,1920x1080,Artisan Zero (XL/Soft),SteelSeries Apex Pro TKL,Sennheiser G4ME ONE
242,FA,AZK,Logitech G Pro Wireless,1000,400,0.628,251,1,BenQ XL2540,240,GTX 1080,1920x1080,Logitech G640,Logitech G Pro X Mechanical Keyboard,Logitech G Pro X
243,FA,Zunba,Logitech G Pro X Superlight White,1000,800,0.25,200,1,BenQ XL2546K,240,RTX 2080 Ti,1920x1080,Xraypad Aqua Control,Logitech G913 TKL,Audeze LCD-GX
244,FA,Bunny,SteelSeries Prime Wireless,1000,800,0.38,304,1,BenQ XL2546K,240,RTX 2080 Ti,1920x1080,Zowie G-SR-SE,Mars Pro MK3,OC-G9 Mk2
245,FA,FiveK,Logitech G Pro X Superlight,1000,400,0.55,220,1,BenQ XL2546K,240,,1920x1080,Zowie G-SR,Mars Pro MK3,OC-G9 Mk2
246,FA,ec1s,VAXEE ZYGEN NP-01,1000,800,0.314,251,1,BenQ XL2546,240,RTX 3080,1920x1080,Zowie G-SR-SE Sweden Edition,Logitech G Pro X Mechanical Keyboard,Logitech G Pro X
247,FA,b0i,Logitech G303 Shroud Edition,1000,800,0.66,528,1,BenQ XL2540,240,,1920x1080,VAXEE PA,Ducky One 2 RGB,HyperX Cloud II
248,FA,WARDELL,Logitech G Pro X Superlight Black,1000,800,0.326,260,1.15,BenQ XL2546,240,RTX 3090,1920x1080,Logitech G640,Logitech G Pro X Keyboard,Logitech G Pro X
249,FA,Huynh,Logitech G Pro Wireless,1000,800,0.314,251,1,BenQ XL2546,240,GTX 970,1920x1080,Zowie G-SR,HyperX Alloy FPS RGB,Logitech G Pro X
250,FA,rAx,Glorious Model O Matte Black,1000,400,0.629,251,1,BenQ XL2546,240,RTX 2080,1920x1080,Logitech G640,Ducky One PBT,Sennheiser G4ME ONE
251,FA,DPS,Zowie S2,1000,800,0.177,141,1,BenQ XL2540,240,,1366x768,Corsair MM350,,Turtle Beach Elite Pro
252,FA,kpiz,Zowie S1 Divina Edition,1000,800,0.26,208,1,BenQ XL2546,240,,1440x1080,Zowie G-SR-SE Divina Pink Edition,GK64,HyperX Cloud II
253,FA,neph,Zowie EC2-B Divina Edition,1000,400,0.6,240,1,BenQ XL2411,144,,1366x768,SteelSeries QcK Heavy,Ducky Shine 5 YOTG,HyperX Cloud II
254,FA,hype,Razer Viper Ultimate,1000,400,0.55,220,1,BenQ XL2540,240,,1920x1080,Razer Gigantus V2,Razer Huntsman V2 TKL,Razer BlackShark V2 Pro
255,FA,leakeN,Zowie EC2,1000,400,0.53,212,1,BenQ XL2546,240,,1280x960,Zowie G-SR,Turtle Beach Impact 100,Logitech G Pro X
256,FA,Coffee,SteelSeries Rival 300,1000,1600,0.24,384,1,BenQ XL2430T,144,GTX 1060,1920x1080,SteelSeries QcK+ NiP Edition,HyperX Alloy FPS,HyperX Cloud Revolver S
257,FA,Leviathan,Logitech G Pro X Superlight,1000,800,0.3,240,1,BenQ XL2740,240,RTX 3090,1920x1080,Artisan Hien FX Mid XL Black,Anne PRO 2,Logitech G Pro X Headset
258,FA,reltuC,Logitech G Pro X Superlight Black,1000,800,0.3,240,1,BenQ XL2546,240,GTX 1080,1920x1080,Logitech G640,Logitech G Pro X Mechanical Keyboard,Logitech G Pro X
259,FA,Drone,Logitech G Pro X Superlight Black,1000,800,0.34,272,1,BenQ XL2540,240,GTX 1080 Ti,1920x1080,Logitech G640,Logitech G Pro X Mechanical Keyboard,Logitech G Pro X
260,FA,Tenner,Razer Viper,1000,800,0.3,240,0.65,,,,1920x1080,,,
261,FA,BraveAF,Endgame Gear XM1r,1000,400,0.785,314,1,BenQ XL2546K,240,,1920x1080,SteelSeries QcK Heavy,HyperX Alloy FPS Pro,Logitech G Pro X Headset
262,FA,davidp,Logitech G Pro Wireless,1000,400,0.58,232,1,AOC AG251FZ2E,240,RTX 2080,1440x900,Logitech G640,Logitech G Pro X Mechanical Keyboard,HyperX Cloud II
263,FA,cad,Xtrfy M4 Pink,1000,400,0.55,220,0.92,Alienware AW2518H,240,GTX 970,1920x1080,SteelSeries QcK Heavy,Motospeed GK82,GFallen Morcego
264,FA,ZerG,Logitech G903,1000,800,0.4,320,1,Alienware AW2518H,240,GTX 1080 Ti,1920x1080,,AJAZZ AK33,
265,FA,Nurfed,Logitech G Pro Wireless,1000,400,0.59,236,1,BenQ XL2540,240,,1920x1080,Zowie G-SR,,
266,FA,Art1st,Zowie EC2-A,1000,1600,0.141,225,1,BenQ XL2411,144,GTX 1060,1920x1080,Zowie G-SR,HyperX Alloy FPS,HyperX Cloud Alpha
267,FA,Relyks,Logitech G Pro Wireless,1000,400,0.79,316,1,BenQ XL2540,240,RTX 2080 Super,1920x1080,Artisan Zero (XL/Soft),HyperX Alloy FPS,HyperX Cloud II
268,FA,kaboose,Zowie EC2-A,1000,400,0.817,326,1,BenQ XL2540,240,,1600x900,SteelSeries QcK Heavy,HyperX Alloy FPS RGB,HyperX Cloud Flight S
269,FA,k1Ng,Zowie EC2-B,1000,400,1,400,0.9,BenQ XL2546S,240,RTX 2080 Ti,1920x1080,Zowie G-SR,Corsair K-70 RGB,HyperX Cloud II
270,FA,mummAy,Logitech G703,1000,400,0.515,206,0.9,BenQ XL2546S,240,RTX 2080 Ti,1920x1080,PureTrak Talent,Corsair K95 RGB,Corsair Virtuoso
271,FA,Fuzari,Zowie ZA12,1000,800,0.745,596,1,AOC G2460PF,144,GTX 1050 Ti,1920x1080,Redragon Kunlun Control,Motospeed CK104,Razer Kraken TE
272,FA,gtn,Razer Viper,1000,400,0.58,232,1,AOC G2460PF,144,GTX 1650,1680x1050,VAXEE PA Winter 21,Razer BlackWidow Chroma TE V2,HyperX Cloud Stinger
273,FA,DeNaro,Razer Viper,1000,400,0.52,208,1,Acer Predator XB252Q,240,GTX 1050 Ti,1920x1080,Razer Gigantus,HyperX Alloy FPS,Redragon SCYLLA
274,FA,ZachaREEE,FinalMouse Starlight 12,1000,800,0.5,400,1,ASUS ROG Swift PG258Q,240,RTX 2080 Ti,1920x1080,Zowie G-SR-SE,Varmilo VA87M Sakura Pink,Sennheiser G4ME ONE
275,FA,Re1ease,Razer Viper,1000,400,0.6,240,1,Alienware AW2518H,240,RTX 2070 Super,1920x1080,SteelSeries QcK+,CM Storm Quickfire,Sony MDR-1000X
276,FA,fxy0,Xtrfy M4 White,1000,400,0.942,376,1,BenQ XL2546,240,GTX 1080,1920x1080,SteelSeries QcK Heavy,SteelSeries Apex Pro TKL,HyperX Cloud II
277,FA,shinobi,Zowie EC2-B Divina Edition,1000,400,0.65,260,1,BenQ XL2546,240,RTX 2080 Super,1024x768,SteelSeries QcK Heavy,Corsair K65,HyperX Cloud II
278,FA,arch,Xtrfy M4 Retro,1000,400,0.58,232,1,BenQ XL2546,240,GTX 1070,1920x1080,Xtrfy XTP1 f0rest Edition,Xtrfy K2-RGB White Edition,HyperX Cloud Alpha PE
279,FA,Ultimate,Zowie ZA11,1000,400,0.7,280,1,BenQ XL2411,144,,1920x1080,Zowie G-SR,Corsair K-70 RGB,HyperX Cloud Flight
280,FA,Sunday,Logitech G Pro Wireless,1000,400,0.597,238,0.88,BenQ XL2546,240,RTX 2080 Ti,1920x1080,,,
281,FA,governor,Logitech G Pro X Superlight Black,1000,1200,0.45,540,1,BenQ XL2740,240,RTX 3070 Ti,1920x1080,SteelSeries QcK+,Ducky One 3 Mini,Beyerdynamic DT 990 Pro
282,FA,Moothie,Zowie S1,1000,400,0.425,170,0.764,BenQ XL2546,240,RTX 2070 Super,1920x1080,Artisan Zero (XL/Soft),Filco Majestouch2 TKL,
283,FA,HyP,Xtrfy M4 White,1000,800,0.45,360,1,,,RTX 2080 Ti,1920x1080,,,
284,FA,CREA,Zowie EC2-B Divina Edition,1000,800,0.345,276,1,BenQ XL2546,240,,1920x1080,Zowie G-SR,Corsair STRAFE,HyperX Cloud Alpha
285,FA,KOLER,Logitech G Pro Wireless,1000,400,0.758,303,1,BenQ XL2546,240,,1920x1080,Zowie G-SR,Corsair K63 RGB,Sennheiser GAME ZERO
286,FA,ROK3T,Logitech G Pro Wireless,1000,800,0.3,240,1,BenQ XL2546,240,RTX 2080 Ti,1920x1080,Zowie G-SR,Logitech G Pro X Mechanical Keyboard,Logitech G Pro X
287,FA,Yacine,Logitech G Pro Wireless,1000,800,0.4,320,1,BenQ XL2546,240,RTX 2080 Ti,1920x1080,QPAD FX-50,Xtrfy XG1-R LED,HyperX Cloud Alpha
288,FA,bonkar,Razer Viper,1000,800,0.384,307,1,ASUS ROG Swift PG258Q,240,GTX 1080,1680x1050,Xtrfy XTP1 Volcano Edition,Xtrfy XG1-R LED,HyperX Cloud Alpha
289,FA,ohai,Razer Orochi V2,1000,400,0.47,188,1,Alienware AW2518H,240,RTX 2080 Ti,1920x1080,SteelSeries QcK Heavy,Ducky One 2 Mini RGB,ASTRO A40
290,FA,rara,Logitech G703,1000,800,0.355,284,1,ASUS ROG Swift PG258Q,240,RTX 2080,1280x960,Logitech G640,HyperX Alloy FPS Pro,HyperX Cloud II
291,FA,Rawkus,Logitech G903,1000,800,0.4,320,1,"OMEN by HP 24.5""",240,RTX 2080,1920x1080,ROCCAT TAITO,Razer BlackWidow Chroma V2,Turtle Beach Elite Pro 2
292,FA,DXN,Razer Viper Ultimate,1000,400,0.62,248,0.82,BenQ XL2546S,240,,1600x900,Cooler Master MP510,Ducky One 2 Mini RGB,Sennheiser PC37X
293,FA,Venerated,Logitech G Pro Wireless,1000,800,0.28,224,1,Alienware AW2518H,240,RTX 2080 Ti,1920x1080,Zowie G-SR-SE,Corsair K65,Sennheiser HD 598
294,FA,Efina,Zowie EC2,1000,400,0.45,180,0.92,BenQ XL2546S,240,RTX 2080,1920x1080,SteelSeries QcK Heavy,SteelSeries Apex M500,
295,FA,DaZeD,Logitech G Pro Wireless,1000,400,0.55,220,1,BenQ XL2540,240,GTX 1080,1920x1080,HyperX FURY S Pro X-Large,Razer BlackWidow TE,Sennheiser HD 600
296,FA,jonba,Zowie FK1+,1000,400,0.6,240,1,BenQ XL2540,240,GTX 1070,1920x1080,Zowie G-SR-SE,HyperX Alloy FPS Pro,HyperX Cloud Alpha
297,FA,Yurii,Logitech G Pro Wireless,1000,400,0.55,220,1,,,RTX 2080 Super,,,,
298,FA,WeDid,Logitech G703,1000,1600,0.18,288,1,Acer XB240H,240,RTX 2080,1920x1080,,Razer BlackWidow Chroma V2,Logitech G432
299,FA,Kongared,Zowie EC2-B,1000,400,0.39,156,1,BenQ XL2546,240,GTX 1070,1920x1080,Razer Gigantus,Razer BlackWidow Chroma TE V2,HyperX Cloud II
300,FA,wannafly,Zowie FK1+,1000,800,0.35,280,1,BenQ XL2546,240,RTX 2070 Super,1920x1080,Zowie G-SR,Zowie Celeritas II,Beyerdynamic MMX300
301,FA,Acetis,Zowie FK2,1000,800,0.65,520,1,BenQ XL2546,240,GTX 1070 Ti,1920x1080,,,
302,FA,d3ffo,Zowie FK1,1000,800,0.51,408,1,BenQ XL2546,240,GTX 970,1280x960,VAXEE PA,Logitech G Pro Mechanical Keyboard,Sennheiser GAME ZERO
303,FA,Sunset,FinalMouse Ultralight 2,500,800,0.5,400,1,BenQ XL2420Z,144,RTX 2080 Super,1920x1080,Logitech G440,Vortex Pok3r White,Sennheiser GSP 370
304,Free Agent,nAts,Zowie S2,1000,800,0.49,392,1,BenQ XL2546K,240,RTX 2060 Super,1280x960,Zowie G-SR,HyperX Alloy FPS Pro,HyperX Cloud Alpha S
305,FA,MkaeL,Razer DeathAdder V2 Pro,1000,800,0.3,240,1,,,GTX 1080 Ti,1920x1080,,Ducky One 2 Mini RGB,Logitech G Pro X
306,FA,patochovsk,Razer DeathAdder V2,1000,400,0.6,240,1,AOC AG251FZ,240,GTX 1660 Ti,1920x1080,HyperX FURY S Pro,Razer BlackWidow Chroma TE V2,GFallen Morcego
307,FA,FLG1,Glorious Model D Matte Black,1000,400,0.57,228,1,AOC AG251FZ,240,RTX 2060,1440x1080,Zowie G-SR,HyperX Alloy Origins Core,GFallen Morcego
308,FA,GTFAFMX,Razer DeathAdder Elite,1000,800,0.9,720,1,AOC AG251FZ,240,GTX 1080 Ti,1920x1080,Artisan Hayate Otsu,Corsair K70 Rapidfire,Sennheiser PC 363D
309,FA,murii,G-Wolves Hati Black,1000,600,0.1,60,1,ASUS ROG Strix XG248Q,240,RTX 2070 Super,1798x1080,Glorious 3XL,Ducky MIYA Pro Sakura,Logitech G430
310,FA,Zik,Razer Viper Mini,1000,400,0.628,251,1,BenQ XL2546,240,,1600x1024,Razer Gigantus V2,Razer BlackWidow V3 Pro,Razer BlackShark V2 Pro
311,FA,ShoT_UP,Logitech G502 Proteus Spectrum,1000,850,0.311,264,1,BenQ XL2411,144,,1920x1080,SteelSeries QcK Heavy,Razer BlackWidow Ultimate,HyperX Cloud II
312,FA,Anaks,Razer Viper Ultimate,1000,400,0.295,118,1.01,,,GTX 1080 Ti,1920x1080,Zowie G-SR,Logitech G Pro Mechanical Keyboard,
313,FA,Ladiff,Logitech G Pro X Superlight Black,1000,800,0.5,400,1,BenQ XL2411,144,RTX 2070 Super,1440x1080,HyperX FURY S Pro SE X-Large,CM MasterKeys Pro L,HyperX Cloud Alpha S
314,FA,Kehmicals,Logitech G Pro X Superlight Black,1000,800,0.38,304,1,BenQ XL2546S,240,GTX 1070,1920x1080,HyperX FURY S Pro X-Large,Logitech G Pro X Mechanical Keyboard,HyperX Cloud II
315,FA,RUBINO,VAXEE ZYGEN NP-01,1000,400,0.62,248,1,BenQ XL2546,240,RTX 2080 Ti,1920x1080,Artisan FX Zero XSoft,Logitech G Pro X Mechanical Keyboard,Logitech G Pro X Wireless Headset
316,FA,Poiz,Logitech G Pro X Superlight,1000,800,0.45,360,1,BenQ XL2546,240,,1920x1080,HyperX FURY S Pro,,
317,FA,pAura,Zowie S2,1000,400,0.55,220,1,BenQ XL2546,240,RTX 2060 Super,1920x1080,HyperX FURY S Pro,HyperX Alloy FPS Pro,Logitech G Pro X Wireless Headset
318,FA,sutecas,Razer Viper Ultimate,1000,800,0.4,320,0.8,BenQ XL2546,240,RTX 2070,1920x1080,VAXEE PA Winter 21,Corsair K70 RGB MK.2,HyperX Cloud Alpha
319,FA,Shawn,Logitech G305,1000,1200,0.4,480,1,BenQ XL2540K,240,RTX 3070 Ti,1920x1080,Zowie G-SR,Razer Huntsman Mini,Corsair VOID
320,FA,Ex6TenZ,Zowie FK2,1000,400,0.691,276,1,AOC AG251FZ,240,GTX 1080 Ti,1440x1080,Logitech G640,Logitech G Pro Mechanical Keyboard,Logitech G Pro Gaming Headset
321,FA,Seoldam,Logitech G Pro X Superlight Black,1000,800,0.485,388,1,BenQ XL2546,240,,1920x1080,Xraypad Aqua Control+,Deck Francium 87 Pro,Corsair VOID Pro Wireless
322,FA,Magnum,Logitech G Pro Wireless,1000,400,0.5,200,1.227,Samsung C24RG50,144,RTX 2060,1280x1024,SteelSeries QcK+,Fnatic MiniSTREAK,Logitech G Pro Gaming Headset
323,FA,jammyz,FinalMouse Ultralight 2,1000,800,0.34,272,1.15,Alienware AW2518H,240,RTX 3060,,Zowie G-SR,Corsair K70 TKL,HyperX Cloud II
324,FA,Allow,Logitech G Pro Wireless,1000,800,0.234,187,1,BenQ XL2546,240,GTX 1080,1920x1080,SteelSeries QcK Heavy,Logitech G Pro X Mechanical Keyboard,Logitech G Pro X Headset
325,Streamer,shroud,Logitech G303 Shroud Edition,1000,400,0.8,320,1,Alienware AW2721D,240,RTX 3090,2560x1440,Logitech G840 SE,Logitech G Pro X Keyboard SE,Logitech G Pro X Wireless Headset SE
326,Streamer,summit1g,FinalMouse Air58 Ninja CBR Edition,500,400,0.415,166,1,Samsung Odyssey G7,240,RTX 2080 Ti,1920x1080,Corsair MM500,Corsair K70 RGB MK.2,Audio Technica ATH-AD700X
327,Streamer,n0thing,Logitech G100s Custom,1000,400,0.645,258,1,Alienware AW2521H,240,RTX 3090,1920x1080,Logitech G440,Logitech G Pro X MK SE,Logitech G Pro X Wireless Headset SE
328,Streamer,ONSCREEN,Logitech G Pro Wireless,1000,400,1,400,1,BenQ XL2740,240,RTX 2080 Ti,1920x1080,,Logitech G Pro X Mechanical Keyboard,Beyerdynamic DT 1990 Pro
329,Streamer,dizzy,FinalMouse Starlight 12,500,800,0.35,280,1,BenQ XL2546,240,RTX 2080 Ti,1920x1080,Zowie G-SR-SE,SteelSeries Apex Pro TKL,Apple EarPods
330,Streamer,Hiko,FinalMouse Starlight 12,1000,1600,0.36,576,1,Alienware AW2521H,360,RTX 3090,1920x1080,Zowie G-SR-SE,Razer BlackWidow TE,JBL Quantum ONE
331,Streamer,Myth,Logitech G703,1000,700,0.225,157,0.554,ASUS ROG Swift PG258Q,240,RTX 3090,1920x1080,Logitech G840,Logitech G Pro X Mechanical Keyboard,Logitech G Pro X
332,Streamer,Ninja,Logitech G Pro X Superlight Black,1000,400,0.55,220,0.7,Alienware AW2518H,240,RTX 3070,1920x1080,HyperX FURY S Pro SE X-Large,SteelSeries Apex Pro TKL,Beyerdynamic DT 1990 Pro
333,Streamer,Kephrii,ASUS ROG Gladius,2000,400,0.5,200,0.65,ASUS ROG Swift PG258Q,240,RTX 2080 Ti,1920x1080,Glorious 3XL,SteelSeries Apex Pro TKL,Turtle Beach Elite Atlas Aero
334,Streamer,MuMiNo,Zowie EC2-B,1000,400,1,400,0.81,AOC AGON AG241QG,165,GTX 1080 Ti,2560x1440,Zowie G-SR-SE,HyperX Alloy Elite,HyperX Cloud II
335,Streamer,Sadovnik,Logitech G Pro Wireless,1000,400,0.8,320,1,BenQ XL2540,240,RTX 2080 Ti,1920x1080,HyperX FURY S Speed Edition,Razer Huntsman TE,HyperX Cloud II
336,Streamer,PLAYER1,Logitech G Pro Wireless,1000,800,0.4,320,1,BenQ XL2411,144,,1920x1080,SteelSeries QcK+,,
337,Streamer,Kyedae,FinalMouse Starlight 12,1000,800,0.35,280,1,BenQ XL2540,240,RTX 3080,1920x1080,HyperX FURY S Pro,Custom Keyboard,Xtrfy H2
338,Streamer,N1KOLA,Xtrfy M4 Black,1000,800,0.37,296,1,BenQ XL2546,240,,1920x1080,Logitech G640,Ducky One 2 Mini RGB,Sennheiser CX 3.00
339,Streamer,JASONR,Zowie EC3-C,1000,800,0.32,256,1,BenQ XL2540,240,RTX 3080,1920x1080,Razer Gigantus V2,Logitech G915,Razer Adaro
340,Streamer,Morgausse,FinalMouse Ultralight 2,500,800,0.25,200,1,BenQ XL2540,240,RTX 2080 Ti,1920x1080,Zowie G-SR,SteelSeries Apex Pro TKL,Sennheiser HD 599 SE
341,Streamer,benjyfishy,Razer Viper V2 Pro,1000,800,0.283,226,1,OMEN X25f,360,RTX 3090,1280x960,Gamesense Radar XL,SteelSeries Apex Pro TKL,Turtle Beach Atlas Aero
342,Streamer,ErycTriceps,Logitech G303 Shroud Edition,1000,400,0.314,125,1,BenQ XL2540,240,RTX 2080 Ti,1920x1080,Artisan Ninja FX,SteelSeries Apex Pro TKL,Sennheiser HD 660 S
343,Streamer,Recrent,Logitech G Pro X Superlight Black,1000,800,0.3,240,1,Alienware AW2721D,240,RTX 3090,1920x1080,Artisan Hien FX Soft,Razer Huntsman V2 TKL,
344,Streamer,iiTzTimmy,Logitech G Pro X Superlight,1000,1800,0.245,441,1,BenQ XL2740,240,RTX 3080 Ti,1920x1080,Logitech G840 SE,Logitech G Pro X MK SE,Logitech G Pro X Wireless Headset SE
345,Streamer,n0ted,FinalMouse Ultralight 2,500,800,0.471,376,1,BenQ XL2546,240,,1920x1080,The Mousepad Company,SteelSeries Apex Pro,
346,Streamer,Horcus,Razer Viper Ultimate,1000,800,0.315,252,1,BenQ XL2546,240,RTX 2060,1920x1080,Aorus AMP500,Razer Huntsman Elite,HyperX Cloud II
347,,,,,,,,,,,,,,,
